-- phpMyAdmin SQL Dump
-- version 5.2.0
-- https://www.phpmyadmin.net/
--
-- Host: localhost:3306
-- Generation Time: Nov 09, 2025 at 08:32 AM
-- Server version: 8.0.30
-- PHP Version: 8.1.10

SET SQL_MODE = "NO_AUTO_VALUE_ON_ZERO";
START TRANSACTION;
SET time_zone = "+00:00";


/*!40101 SET @OLD_CHARACTER_SET_CLIENT=@@CHARACTER_SET_CLIENT */;
/*!40101 SET @OLD_CHARACTER_SET_RESULTS=@@CHARACTER_SET_RESULTS */;
/*!40101 SET @OLD_COLLATION_CONNECTION=@@COLLATION_CONNECTION */;
/*!40101 SET NAMES utf8mb4 */;

--
-- Database: `db_perpus`
--

-- --------------------------------------------------------

--
-- Table structure for table `admin`
--

CREATE TABLE `admin` (
  `id_admin` int NOT NULL,
  `email` varchar(40) NOT NULL,
  `username` varchar(30) NOT NULL,
  `password` varchar(125) CHARACTER SET utf8mb4 COLLATE utf8mb4_0900_ai_ci NOT NULL,
  `nama_lengkap` varchar(30) NOT NULL
) ENGINE=InnoDB DEFAULT CHARSET=utf8mb4 COLLATE=utf8mb4_0900_ai_ci;

--
-- Dumping data for table `admin`
--

INSERT INTO `admin` (`id_admin`, `email`, `username`, `password`, `nama_lengkap`) VALUES
(1, 'reza@gmail.com', 'reza', '370bb3c818357400c562ba0fa95c0eed', 'Rezaldi Pratama');

-- --------------------------------------------------------

--
-- Table structure for table `anggota`
--

CREATE TABLE `anggota` (
  `id_anggota` int NOT NULL,
  `nama_lengkap` varchar(30) NOT NULL,
  `email` varchar(40) NOT NULL,
  `password` varchar(300) CHARACTER SET utf8mb4 COLLATE utf8mb4_0900_ai_ci NOT NULL,
  `alamat` varchar(50) NOT NULL,
  `no_telepon` varchar(13) NOT NULL,
  `foto_profil` varchar(255) DEFAULT NULL
) ENGINE=InnoDB DEFAULT CHARSET=utf8mb4 COLLATE=utf8mb4_0900_ai_ci;

--
-- Dumping data for table `anggota`
--

INSERT INTO `anggota` (`id_anggota`, `nama_lengkap`, `email`, `password`, `alamat`, `no_telepon`, `foto_profil`) VALUES
(1, 'Reza', 'reza@atmaluhur.ac.id', 'a8ecaaa2d782a072f1d43dce8ffebac6', 'lb besar', '085896153816', '1762675844-users1.png'),
(2, 'fanny', 'fanny@gmail.com', '151f027747daf743b7293f6973c4c49b', 'selindung ', '08987654321', '1762676082-users7.png');

-- --------------------------------------------------------

--
-- Table structure for table `booking`
--

CREATE TABLE `booking` (
  `id_booking` int NOT NULL,
  `tanggal_booking` date NOT NULL,
  `status` varchar(30) NOT NULL,
  `id_anggota` int NOT NULL,
  `id_buku` int NOT NULL
) ENGINE=InnoDB DEFAULT CHARSET=utf8mb4 COLLATE=utf8mb4_0900_ai_ci;

-- --------------------------------------------------------

--
-- Table structure for table `buku`
--

CREATE TABLE `buku` (
  `id_buku` int NOT NULL,
  `judul` varchar(40) NOT NULL,
  `penulis` varchar(40) NOT NULL,
  `penerbit` varchar(40) NOT NULL,
  `tahun_terbit` int NOT NULL,
  `stok` int NOT NULL,
  `cover_buku` varchar(100) NOT NULL
) ENGINE=InnoDB DEFAULT CHARSET=utf8mb4 COLLATE=utf8mb4_0900_ai_ci;

--
-- Dumping data for table `buku`
--

INSERT INTO `buku` (`id_buku`, `judul`, `penulis`, `penerbit`, `tahun_terbit`, `stok`, `cover_buku`) VALUES
(1, 'malvin ahmad hapis', 'hapis', 'malvin', 2000, 12, '1762676013_buku4.webp'),
(2, 'mewing brutal', 'hapis', 'malvin', 1990, 1, '1762675977_buku8.webp'),
(3, 'fufufafa', 'sandi poah', 'akbar ngorok', 2025, 2, '1762675233_buku1.webp'),
(4, 'pusinggg', 'gw', 'elu', 2020, 2, '1762675930_buku2.jpeg'),
(5, 'bingung', 'aku', 'saya', 1000, 9, '1762676235_buku7.png');

-- --------------------------------------------------------

--
-- Table structure for table `buku_kategori`
--

CREATE TABLE `buku_kategori` (
  `id_buku` int NOT NULL,
  `id_kategori` int NOT NULL
) ENGINE=InnoDB DEFAULT CHARSET=utf8mb4 COLLATE=utf8mb4_0900_ai_ci;

--
-- Dumping data for table `buku_kategori`
--

INSERT INTO `buku_kategori` (`id_buku`, `id_kategori`) VALUES
(3, 1),
(4, 3),
(2, 5),
(1, 4),
(5, 3);

-- --------------------------------------------------------

--
-- Table structure for table `kategori`
--

CREATE TABLE `kategori` (
  `id_kategori` int NOT NULL,
  `nama_kategori` varchar(30) NOT NULL
) ENGINE=InnoDB DEFAULT CHARSET=utf8mb4 COLLATE=utf8mb4_0900_ai_ci;

--
-- Dumping data for table `kategori`
--

INSERT INTO `kategori` (`id_kategori`, `nama_kategori`) VALUES
(1, 'nonfiksi'),
(3, 'Adventure'),
(4, 'pendidikan'),
(5, 'fiksi');

-- --------------------------------------------------------

--
-- Table structure for table `peminjaman`
--

CREATE TABLE `peminjaman` (
  `id_peminjaman` int NOT NULL,
  `tanggal_pinjam` date NOT NULL,
  `tanggal_kembali` date NOT NULL,
  `status` varchar(30) NOT NULL,
  `id_anggota` int NOT NULL,
  `id_buku` int NOT NULL
) ENGINE=InnoDB DEFAULT CHARSET=utf8mb4 COLLATE=utf8mb4_0900_ai_ci;

--
-- Indexes for dumped tables
--

--
-- Indexes for table `admin`
--
ALTER TABLE `admin`
  ADD PRIMARY KEY (`id_admin`);

--
-- Indexes for table `anggota`
--
ALTER TABLE `anggota`
  ADD PRIMARY KEY (`id_anggota`);

--
-- Indexes for table `booking`
--
ALTER TABLE `booking`
  ADD PRIMARY KEY (`id_booking`),
  ADD KEY `buku_booking` (`id_buku`),
  ADD KEY `anggota_booking` (`id_anggota`);

--
-- Indexes for table `buku`
--
ALTER TABLE `buku`
  ADD PRIMARY KEY (`id_buku`);

--
-- Indexes for table `buku_kategori`
--
ALTER TABLE `buku_kategori`
  ADD KEY `buku` (`id_buku`),
  ADD KEY `kategori` (`id_kategori`);

--
-- Indexes for table `kategori`
--
ALTER TABLE `kategori`
  ADD PRIMARY KEY (`id_kategori`);

--
-- Indexes for table `peminjaman`
--
ALTER TABLE `peminjaman`
  ADD PRIMARY KEY (`id_peminjaman`),
  ADD KEY `buku_peminjaman` (`id_buku`),
  ADD KEY `anggota_peminjaman` (`id_anggota`);

--
-- AUTO_INCREMENT for dumped tables
--

--
-- AUTO_INCREMENT for table `admin`
--
ALTER TABLE `admin`
  MODIFY `id_admin` int NOT NULL AUTO_INCREMENT, AUTO_INCREMENT=2;

--
-- AUTO_INCREMENT for table `anggota`
--
ALTER TABLE `anggota`
  MODIFY `id_anggota` int NOT NULL AUTO_INCREMENT, AUTO_INCREMENT=3;

--
-- AUTO_INCREMENT for table `booking`
--
ALTER TABLE `booking`
  MODIFY `id_booking` int NOT NULL AUTO_INCREMENT;

--
-- AUTO_INCREMENT for table `buku`
--
ALTER TABLE `buku`
  MODIFY `id_buku` int NOT NULL AUTO_INCREMENT, AUTO_INCREMENT=6;

--
-- AUTO_INCREMENT for table `kategori`
--
ALTER TABLE `kategori`
  MODIFY `id_kategori` int NOT NULL AUTO_INCREMENT, AUTO_INCREMENT=6;

--
-- Constraints for dumped tables
--

--
-- Constraints for table `booking`
--
ALTER TABLE `booking`
  ADD CONSTRAINT `anggota_booking` FOREIGN KEY (`id_anggota`) REFERENCES `anggota` (`id_anggota`) ON DELETE CASCADE ON UPDATE CASCADE,
  ADD CONSTRAINT `buku_booking` FOREIGN KEY (`id_buku`) REFERENCES `buku` (`id_buku`) ON DELETE CASCADE ON UPDATE CASCADE;

--
-- Constraints for table `buku_kategori`
--
ALTER TABLE `buku_kategori`
  ADD CONSTRAINT `buku` FOREIGN KEY (`id_buku`) REFERENCES `buku` (`id_buku`) ON DELETE CASCADE ON UPDATE CASCADE,
  ADD CONSTRAINT `kategori` FOREIGN KEY (`id_kategori`) REFERENCES `kategori` (`id_kategori`) ON DELETE CASCADE ON UPDATE CASCADE;

--
-- Constraints for table `peminjaman`
--
ALTER TABLE `peminjaman`
  ADD CONSTRAINT `anggota_peminjaman` FOREIGN KEY (`id_anggota`) REFERENCES `anggota` (`id_anggota`) ON DELETE CASCADE ON UPDATE CASCADE,
  ADD CONSTRAINT `buku_peminjaman` FOREIGN KEY (`id_buku`) REFERENCES `buku` (`id_buku`) ON DELETE CASCADE ON UPDATE CASCADE;
COMMIT;

/*!40101 SET CHARACTER_SET_CLIENT=@OLD_CHARACTER_SET_CLIENT */;
/*!40101 SET CHARACTER_SET_RESULTS=@OLD_CHARACTER_SET_RESULTS */;
/*!40101 SET COLLATION_CONNECTION=@OLD_COLLATION_CONNECTION */;
